adjective,upside-down
adjective,uncomfortable
adjective,nauseating
adjective,tiny
adjective,superb
adjective,faux
adjective,profound
adjective,limp
adjective,nonchalant
adjective,callous
adjective,big-headed
adjective,tenticled
adjective,loving
adjective,lovely
adjective,square(ish)
adjective,tantalizing
adjective,absurd
adjective,useless
adjective,boring
adjective,terrible
adjective,bizarre
adjective,saucy
adjective,vain
adjective,artless
adjective,beslubbering
adjective,droning
adjective,thick headed
adjective,fool-born
adjective,damn good
adjective,unloved
adjective,unloveable
adjective,very okay
adjective,heartless
adjective,bigly
adjective,meme-slinging
adjective,flaming
adjective,miserable
