type,word
<name>,Brian Seidel
<name>,Eric Ward
<name>,Kerry Meade
<name>,Chris Bradley
<name>,Bruce Brown
<name>,Spencer Patrick
<name>,Richard Looper
<name>,Danny Mecca
<name>,Doug MacMillan
<name>,Liz George
<name>,Gary Lamb
<name>,Jack Evans
<name>,Charles Tennent
<name>,Sabrina Milnes
<name>,Robby Flair
<name>,Mollie Woodside
<name>,Sandy Childress
<name>,Vince DeCrescenzio
<name>,Lisa Seidel
<name>,Emily Furrow
<name>,Matt Gleason
<name>,Steve Magee
<name>,Jon Reece
<name>,Hieu Ngo
<name>,Michelle Pakla
<name>,Ted Goudie
<name>,Ashley Fenlon
<name>,Chris Frendo
<name>,Jack Evans 2
<name>,Eric Alexander
<name>,Clyde Fowler
<name>,Ray Carborough
<name>,Pat Scherz
<name>,Johnathan Schofield
<name>,Francis Grindell
<name>,Don Martin
<name>,Darcy Boerio
<name>,Chandler Watts
<name>,Gabriela Morales
<name>,Mark Davis
<name>,Louis Roselli
<name>,Jason Bagwell
<name>,David Cohen
<name>,Alex Berk
<name>,Eric Johnston
<name>,John Mark Smotherman
<name>,Brian Cain
<name>,Neiman Schwartz
<name>,Joe Kohler
<name>,Ryan Mass
<name>,Hunter Summersett
<name>,Kyle Gehrman
<name>,Andrew Kazura
<name>,CJ Onyeukwu
<name>,Alex Valis
<name>,Nathan Welch
<name>,Tristan Walters
<name>,John Summerlin
<name>,Mark Tong
<name>,Bradley Briggs
<name>,Daniel Carton
<name>,Jacob Meigs
<name>,Andrew Zhang
<name>,Steven Hearndon
<name>,Neal Satterfield
<name>,Brady Bannister
<name>,Mike Hodges
<name>,Mark Cavallo
<name>,Coolie Sheppard
<name>,Drew Davis
<name>,Cannon Palms
<name>,Tim Schwab
<name>,Will Broome
<name>,Dorothy Puma
<name>,Ben Coomes
<name>,Andrew Flair
